store_id,store,receipt_number,sale_date,dow,day_of_week,month,line_item_id,product_id,product_name,quantity,line_item_amount,customer_id,first_name,last_name,first_last_name,last_first_name,street,city,state,zip,closest_store_id,distance,latitude,longitude,population,area,density,time_zone
1,Berkeley,001-000128112,2020-04-30 00:00:00,4,Thursday ,April    ,1,1,Pistachio Salmon,1,12,3491,Siouxie,M'Quharge,Siouxie M'Quharge,"M'Quharge, Siouxie",747 Westridge Center,Alameda,CA,94501,1,6,37.7752,-122.2748,63843,8.3977,7602.4,America/Los_Angeles
1,Berkeley,001-000128112,2020-04-30 00:00:00,4,Thursday ,April    ,2,8,Brocolli Stir Fry,1,12,3491,Siouxie,M'Quharge,Siouxie M'Quharge,"M'Quharge, Siouxie",747 Westridge Center,Alameda,CA,94501,1,6,37.7752,-122.2748,63843,8.3977,7602.4,America/Los_Angeles
1,Berkeley,001-000144249,2020-05-16 00:00:00,6,Saturday ,May      ,1,1,Pistachio Salmon,1,12,1597,Norry,Macauley,Norry Macauley,"Macauley, Norry",654 Sommers Plaza,Oakland,CA,94612,1,3,37.8088,-122.2691,16062,0.9543,16831.56,America/Los_Angeles
1,Berkeley,001-000144249,2020-05-16 00:00:00,6,Saturday ,May      ,2,2,Teriyaki Chicken,1,12,1597,Norry,Macauley,Norry Macauley,"Macauley, Norry",654 Sommers Plaza,Oakland,CA,94612,1,3,37.8088,-122.2691,16062,0.9543,16831.56,America/Los_Angeles
1,Berkeley,001-000144249,2020-05-16 00:00:00,6,Saturday ,May      ,3,4,Eggplant Lasagna,2,24,1597,Norry,Macauley,Norry Macauley,"Macauley, Norry",654 Sommers Plaza,Oakland,CA,94612,1,3,37.8088,-122.2691,16062,0.9543,16831.56,America/Los_Angeles
1,Berkeley,001-000144249,2020-05-16 00:00:00,6,Saturday ,May      ,4,6,Curry Chicken,1,12,1597,Norry,Macauley,Norry Macauley,"Macauley, Norry",654 Sommers Plaza,Oakland,CA,94612,1,3,37.8088,-122.2691,16062,0.9543,16831.56,America/Los_Angeles
1,Berkeley,001-000144249,2020-05-16 00:00:00,6,Saturday ,May      ,5,8,Brocolli Stir Fry,2,24,1597,Norry,Macauley,Norry Macauley,"Macauley, Norry",654 Sommers Plaza,Oakland,CA,94612,1,3,37.8088,-122.2691,16062,0.9543,16831.56,America/Los_Angeles
1,Berkeley,001-000163141,2020-06-04 00:00:00,4,Thursday ,June     ,1,1,Pistachio Salmon,3,36,4159,Cheryl,Broe,Cheryl Broe,"Broe, Cheryl",7 Ruskin Alley,El Sobrante,CA,94803,1,7,37.9595,-122.2837,26165,12.2691,2132.6,America/Los_Angeles
1,Berkeley,001-000163141,2020-06-04 00:00:00,4,Thursday ,June     ,2,3,Spinach Orzo,1,12,4159,Cheryl,Broe,Cheryl Broe,"Broe, Cheryl",7 Ruskin Alley,El Sobrante,CA,94803,1,7,37.9595,-122.2837,26165,12.2691,2132.6,America/Los_Angeles
1,Berkeley,001-000163141,2020-06-04 00:00:00,4,Thursday ,June     ,3,5,Chicken Salad,1,12,4159,Cheryl,Broe,Cheryl Broe,"Broe, Cheryl",7 Ruskin Alley,El Sobrante,CA,94803,1,7,37.9595,-122.2837,26165,12.2691,2132.6,America/Los_Angeles
1,Berkeley,001-000163141,2020-06-04 00:00:00,4,Thursday ,June     ,4,7,Tilapia Piccata,1,12,4159,Cheryl,Broe,Cheryl Broe,"Broe, Cheryl",7 Ruskin Alley,El Sobrante,CA,94803,1,7,37.9595,-122.2837,26165,12.2691,2132.6,America/Los_Angeles
1,Berkeley,001-000163141,2020-06-04 00:00:00,4,Thursday ,June     ,5,8,Brocolli Stir Fry,2,24,4159,Cheryl,Broe,Cheryl Broe,"Broe, Cheryl",7 Ruskin Alley,El Sobrante,CA,94803,1,7,37.9595,-122.2837,26165,12.2691,2132.6,America/Los_Angeles
1,Berkeley,001-000169216,2020-06-09 00:00:00,2,Tuesday  ,June     ,1,1,Pistachio Salmon,3,36,4198,Andreana,Drew,Andreana Drew,"Drew, Andreana",11039 Cordelia Alley,El Sobrante,CA,94803,1,7,37.9595,-122.2837,26165,12.2691,2132.6,America/Los_Angeles
1,Berkeley,001-000169216,2020-06-09 00:00:00,2,Tuesday  ,June     ,2,3,Spinach Orzo,1,12,4198,Andreana,Drew,Andreana Drew,"Drew, Andreana",11039 Cordelia Alley,El Sobrante,CA,94803,1,7,37.9595,-122.2837,26165,12.2691,2132.6,America/Los_Angeles
1,Berkeley,001-000169216,2020-06-09 00:00:00,2,Tuesday  ,June     ,3,4,Eggplant Lasagna,4,48,4198,Andreana,Drew,Andreana Drew,"Drew, Andreana",11039 Cordelia Alley,El Sobrante,CA,94803,1,7,37.9595,-122.2837,26165,12.2691,2132.6,America/Los_Angeles
1,Berkeley,001-000169216,2020-06-09 00:00:00,2,Tuesday  ,June     ,4,5,Chicken Salad,1,12,4198,Andreana,Drew,Andreana Drew,"Drew, Andreana",11039 Cordelia Alley,El Sobrante,CA,94803,1,7,37.9595,-122.2837,26165,12.2691,2132.6,America/Los_Angeles
1,Berkeley,001-000169216,2020-06-09 00:00:00,2,Tuesday  ,June     ,5,6,Curry Chicken,2,24,4198,Andreana,Drew,Andreana Drew,"Drew, Andreana",11039 Cordelia Alley,El Sobrante,CA,94803,1,7,37.9595,-122.2837,26165,12.2691,2132.6,America/Los_Angeles
1,Berkeley,001-000169216,2020-06-09 00:00:00,2,Tuesday  ,June     ,6,8,Brocolli Stir Fry,1,12,4198,Andreana,Drew,Andreana Drew,"Drew, Andreana",11039 Cordelia Alley,El Sobrante,CA,94803,1,7,37.9595,-122.2837,26165,12.2691,2132.6,America/Los_Angeles
1,Berkeley,001-000179181,2020-06-18 00:00:00,4,Thursday ,June     ,1,2,Teriyaki Chicken,1,12,5394,Katharina,Bavester,Katharina Bavester,"Bavester, Katharina",522 Cordelia Lane,San Francisco,CA,94102,1,10,37.7797,-122.4192,31067,0.6665,46609.19,America/Los_Angeles
1,Berkeley,001-000179181,2020-06-18 00:00:00,4,Thursday ,June     ,2,3,Spinach Orzo,1,12,5394,Katharina,Bavester,Katharina Bavester,"Bavester, Katharina",522 Cordelia Lane,San Francisco,CA,94102,1,10,37.7797,-122.4192,31067,0.6665,46609.19,America/Los_Angeles
1,Berkeley,001-000179181,2020-06-18 00:00:00,4,Thursday ,June     ,3,4,Eggplant Lasagna,1,12,5394,Katharina,Bavester,Katharina Bavester,"Bavester, Katharina",522 Cordelia Lane,San Francisco,CA,94102,1,10,37.7797,-122.4192,31067,0.6665,46609.19,America/Los_Angeles
1,Berkeley,001-000179181,2020-06-18 00:00:00,4,Thursday ,June     ,4,6,Curry Chicken,1,12,5394,Katharina,Bavester,Katharina Bavester,"Bavester, Katharina",522 Cordelia Lane,San Francisco,CA,94102,1,10,37.7797,-122.4192,31067,0.6665,46609.19,America/Los_Angeles
1,Berkeley,001-000181897,2020-06-20 00:00:00,6,Saturday ,June     ,1,1,Pistachio Salmon,1,12,1958,Theresina,Penswick,Theresina Penswick,"Penswick, Theresina",5975 Twin Pines Hill,Berkeley,CA,94707,1,3,37.8983,-122.2792,11916,1.7251,6907.5,America/Los_Angeles
1,Berkeley,001-000181897,2020-06-20 00:00:00,6,Saturday ,June     ,2,6,Curry Chicken,1,12,1958,Theresina,Penswick,Theresina Penswick,"Penswick, Theresina",5975 Twin Pines Hill,Berkeley,CA,94707,1,3,37.8983,-122.2792,11916,1.7251,6907.5,America/Los_Angeles
1,Berkeley,001-000181897,2020-06-20 00:00:00,6,Saturday ,June     ,3,8,Brocolli Stir Fry,2,24,1958,Theresina,Penswick,Theresina Penswick,"Penswick, Theresina",5975 Twin Pines Hill,Berkeley,CA,94707,1,3,37.8983,-122.2792,11916,1.7251,6907.5,America/Los_Angeles
1,Berkeley,001-000248269,2020-08-22 00:00:00,6,Saturday ,August   ,1,1,Pistachio Salmon,3,36,4260,Dom,Risbrough,Dom Risbrough,"Risbrough, Dom",3 Northland Crossing,Richmond,CA,94805,1,7,37.9428,-122.3229,14208,2.0644,6882.38,America/Los_Angeles
1,Berkeley,001-000248269,2020-08-22 00:00:00,6,Saturday ,August   ,2,5,Chicken Salad,1,12,4260,Dom,Risbrough,Dom Risbrough,"Risbrough, Dom",3 Northland Crossing,Richmond,CA,94805,1,7,37.9428,-122.3229,14208,2.0644,6882.38,America/Los_Angeles
1,Berkeley,001-000248269,2020-08-22 00:00:00,6,Saturday ,August   ,3,8,Brocolli Stir Fry,1,12,4260,Dom,Risbrough,Dom Risbrough,"Risbrough, Dom",3 Northland Crossing,Richmond,CA,94805,1,7,37.9428,-122.3229,14208,2.0644,6882.38,America/Los_Angeles
1,Berkeley,001-000250031,2020-08-23 00:00:00,0,Sunday   ,August   ,1,1,Pistachio Salmon,1,12,6782,Lyndsay,Iuorio,Lyndsay Iuorio,"Iuorio, Lyndsay",4 Thackeray Road,Walnut Creek,CA,94596,1,12,37.8891,-122.0375,20822,6.1908,3363.36,America/Los_Angeles
1,Berkeley,001-000250031,2020-08-23 00:00:00,0,Sunday   ,August   ,2,4,Eggplant Lasagna,1,12,6782,Lyndsay,Iuorio,Lyndsay Iuorio,"Iuorio, Lyndsay",4 Thackeray Road,Walnut Creek,CA,94596,1,12,37.8891,-122.0375,20822,6.1908,3363.36,America/Los_Angeles
1,Berkeley,001-000255285,2020-08-29 00:00:00,6,Saturday ,August   ,1,2,Teriyaki Chicken,1,12,563,Rose,Slimings,Rose Slimings,"Slimings, Rose",38 Iowa Street,Berkeley,CA,94704,1,1,37.8666,-122.258,29190,1.2177,23972.16,America/Los_Angeles
1,Berkeley,001-000255285,2020-08-29 00:00:00,6,Saturday ,August   ,2,4,Eggplant Lasagna,2,24,563,Rose,Slimings,Rose Slimings,"Slimings, Rose",38 Iowa Street,Berkeley,CA,94704,1,1,37.8666,-122.258,29190,1.2177,23972.16,America/Los_Angeles
1,Berkeley,001-000263524,2020-09-07 00:00:00,1,Monday   ,September,1,4,Eggplant Lasagna,2,24,1991,Kevon,Wickett,Kevon Wickett,"Wickett, Kevon",472 Arizona Court,Berkeley,CA,94707,1,3,37.8983,-122.2792,11916,1.7251,6907.5,America/Los_Angeles
1,Berkeley,001-000263524,2020-09-07 00:00:00,1,Monday   ,September,2,6,Curry Chicken,1,12,1991,Kevon,Wickett,Kevon Wickett,"Wickett, Kevon",472 Arizona Court,Berkeley,CA,94707,1,3,37.8983,-122.2792,11916,1.7251,6907.5,America/Los_Angeles
1,Berkeley,001-000263524,2020-09-07 00:00:00,1,Monday   ,September,3,8,Brocolli Stir Fry,1,12,1991,Kevon,Wickett,Kevon Wickett,"Wickett, Kevon",472 Arizona Court,Berkeley,CA,94707,1,3,37.8983,-122.2792,11916,1.7251,6907.5,America/Los_Angeles
2,Seattle,002-000105004,2020-04-23 00:00:00,4,Thursday ,April    ,1,1,Pistachio Salmon,1,12,12160,Sim,Dorie,Sim Dorie,"Dorie, Sim",6709 Bayside Hill,Seattle,WA,98146,2,8,47.5001,-122.3575,28022,5.036,5564.33,America/Los_Angeles
2,Seattle,002-000105004,2020-04-23 00:00:00,4,Thursday ,April    ,2,6,Curry Chicken,1,12,12160,Sim,Dorie,Sim Dorie,"Dorie, Sim",6709 Bayside Hill,Seattle,WA,98146,2,8,47.5001,-122.3575,28022,5.036,5564.33,America/Los_Angeles
2,Seattle,002-000105004,2020-04-23 00:00:00,4,Thursday ,April    ,3,8,Brocolli Stir Fry,1,12,12160,Sim,Dorie,Sim Dorie,"Dorie, Sim",6709 Bayside Hill,Seattle,WA,98146,2,8,47.5001,-122.3575,28022,5.036,5564.33,America/Los_Angeles
2,Seattle,002-000109083,2020-04-27 00:00:00,1,Monday   ,April    ,1,1,Pistachio Salmon,3,36,11291,Dasi,Radden,Dasi Radden,"Radden, Dasi",18 Hoepker Court,Seattle,WA,98136,2,6,47.5368,-122.3899,16607,2.5849,6424.73,America/Los_Angeles
2,Seattle,002-000109083,2020-04-27 00:00:00,1,Monday   ,April    ,2,3,Spinach Orzo,2,24,11291,Dasi,Radden,Dasi Radden,"Radden, Dasi",18 Hoepker Court,Seattle,WA,98136,2,6,47.5368,-122.3899,16607,2.5849,6424.73,America/Los_Angeles
2,Seattle,002-000109083,2020-04-27 00:00:00,1,Monday   ,April    ,3,4,Eggplant Lasagna,4,48,11291,Dasi,Radden,Dasi Radden,"Radden, Dasi",18 Hoepker Court,Seattle,WA,98136,2,6,47.5368,-122.3899,16607,2.5849,6424.73,America/Los_Angeles
2,Seattle,002-000109083,2020-04-27 00:00:00,1,Monday   ,April    ,4,6,Curry Chicken,1,12,11291,Dasi,Radden,Dasi Radden,"Radden, Dasi",18 Hoepker Court,Seattle,WA,98136,2,6,47.5368,-122.3899,16607,2.5849,6424.73,America/Los_Angeles
2,Seattle,002-000109083,2020-04-27 00:00:00,1,Monday   ,April    ,5,7,Tilapia Piccata,1,12,11291,Dasi,Radden,Dasi Radden,"Radden, Dasi",18 Hoepker Court,Seattle,WA,98136,2,6,47.5368,-122.3899,16607,2.5849,6424.73,America/Los_Angeles
2,Seattle,002-000115446,2020-05-03 00:00:00,0,Sunday   ,May      ,1,6,Curry Chicken,1,12,11779,Emlynne,Takle,Emlynne Takle,"Takle, Emlynne",1 Johnson Park,Seattle,WA,98125,2,7,47.7164,-122.2982,42475,6.1806,6872.28,America/Los_Angeles
2,Seattle,002-000115912,2020-05-04 00:00:00,1,Monday   ,May      ,1,1,Pistachio Salmon,1,12,9298,Cecilla,Lewry,Cecilla Lewry,"Lewry, Cecilla",987 Kim Terrace,Seattle,WA,98144,2,2,47.586,-122.2924,31845,4.0261,7909.57,America/Los_Angeles
2,Seattle,002-000115912,2020-05-04 00:00:00,1,Monday   ,May      ,2,2,Teriyaki Chicken,2,24,9298,Cecilla,Lewry,Cecilla Lewry,"Lewry, Cecilla",987 Kim Terrace,Seattle,WA,98144,2,2,47.586,-122.2924,31845,4.0261,7909.57,America/Los_Angeles
2,Seattle,002-000115912,2020-05-04 00:00:00,1,Monday   ,May      ,3,6,Curry Chicken,1,12,9298,Cecilla,Lewry,Cecilla Lewry,"Lewry, Cecilla",987 Kim Terrace,Seattle,WA,98144,2,2,47.586,-122.2924,31845,4.0261,7909.57,America/Los_Angeles
2,Seattle,002-000119996,2020-05-08 00:00:00,5,Friday   ,May      ,1,3,Spinach Orzo,2,24,14460,Shannon,Morrall,Shannon Morrall,"Morrall, Shannon",12076 Lotheville Circle,Port Orchard,WA,98366,2,13,47.5372,-122.5865,33618,22.732,1478.88,America/Los_Angeles
2,Seattle,002-000119996,2020-05-08 00:00:00,5,Friday   ,May      ,2,5,Chicken Salad,1,12,14460,Shannon,Morrall,Shannon Morrall,"Morrall, Shannon",12076 Lotheville Circle,Port Orchard,WA,98366,2,13,47.5372,-122.5865,33618,22.732,1478.88,America/Los_Angeles
2,Seattle,002-000144107,2020-06-06 00:00:00,6,Saturday ,June     ,1,1,Pistachio Salmon,2,24,9046,Beth,Scotchmor,Beth Scotchmor,"Scotchmor, Beth",6070 Merchant Park,Seattle,WA,98112,2,2,47.6339,-122.2889,25426,3.8124,6669.22,America/Los_Angeles
2,Seattle,002-000144107,2020-06-06 00:00:00,6,Saturday ,June     ,2,2,Teriyaki Chicken,2,24,9046,Beth,Scotchmor,Beth Scotchmor,"Scotchmor, Beth",6070 Merchant Park,Seattle,WA,98112,2,2,47.6339,-122.2889,25426,3.8124,6669.22,America/Los_Angeles
2,Seattle,002-000144107,2020-06-06 00:00:00,6,Saturday ,June     ,3,3,Spinach Orzo,1,12,9046,Beth,Scotchmor,Beth Scotchmor,"Scotchmor, Beth",6070 Merchant Park,Seattle,WA,98112,2,2,47.6339,-122.2889,25426,3.8124,6669.22,America/Los_Angeles
2,Seattle,002-000144107,2020-06-06 00:00:00,6,Saturday ,June     ,4,4,Eggplant Lasagna,1,12,9046,Beth,Scotchmor,Beth Scotchmor,"Scotchmor, Beth",6070 Merchant Park,Seattle,WA,98112,2,2,47.6339,-122.2889,25426,3.8124,6669.22,America/Los_Angeles
2,Seattle,002-000144107,2020-06-06 00:00:00,6,Saturday ,June     ,5,6,Curry Chicken,1,12,9046,Beth,Scotchmor,Beth Scotchmor,"Scotchmor, Beth",6070 Merchant Park,Seattle,WA,98112,2,2,47.6339,-122.2889,25426,3.8124,6669.22,America/Los_Angeles
2,Seattle,002-000144107,2020-06-06 00:00:00,6,Saturday ,June     ,6,7,Tilapia Piccata,1,12,9046,Beth,Scotchmor,Beth Scotchmor,"Scotchmor, Beth",6070 Merchant Park,Seattle,WA,98112,2,2,47.6339,-122.2889,25426,3.8124,6669.22,America/Los_Angeles
2,Seattle,002-000158290,2020-06-20 00:00:00,6,Saturday ,June     ,1,1,Pistachio Salmon,2,24,9189,Cornell,Brammar,Cornell Brammar,"Brammar, Cornell",94261 Sunnyside Junction,Seattle,WA,98112,2,2,47.6339,-122.2889,25426,3.8124,6669.22,America/Los_Angeles
2,Seattle,002-000158290,2020-06-20 00:00:00,6,Saturday ,June     ,2,3,Spinach Orzo,2,24,9189,Cornell,Brammar,Cornell Brammar,"Brammar, Cornell",94261 Sunnyside Junction,Seattle,WA,98112,2,2,47.6339,-122.2889,25426,3.8124,6669.22,America/Los_Angeles
2,Seattle,002-000158290,2020-06-20 00:00:00,6,Saturday ,June     ,3,4,Eggplant Lasagna,1,12,9189,Cornell,Brammar,Cornell Brammar,"Brammar, Cornell",94261 Sunnyside Junction,Seattle,WA,98112,2,2,47.6339,-122.2889,25426,3.8124,6669.22,America/Los_Angeles
2,Seattle,002-000158290,2020-06-20 00:00:00,6,Saturday ,June     ,4,6,Curry Chicken,2,24,9189,Cornell,Brammar,Cornell Brammar,"Brammar, Cornell",94261 Sunnyside Junction,Seattle,WA,98112,2,2,47.6339,-122.2889,25426,3.8124,6669.22,America/Los_Angeles
2,Seattle,002-000203726,2020-08-08 00:00:00,6,Saturday ,August   ,1,1,Pistachio Salmon,1,12,12493,Lula,Stoneman,Lula Stoneman,"Stoneman, Lula",2 Gateway Center,Kirkland,WA,98034,2,9,47.7158,-122.2158,43119,9.6658,4461,America/Los_Angeles
2,Seattle,002-000203726,2020-08-08 00:00:00,6,Saturday ,August   ,2,2,Teriyaki Chicken,3,36,12493,Lula,Stoneman,Lula Stoneman,"Stoneman, Lula",2 Gateway Center,Kirkland,WA,98034,2,9,47.7158,-122.2158,43119,9.6658,4461,America/Los_Angeles
2,Seattle,002-000203726,2020-08-08 00:00:00,6,Saturday ,August   ,3,3,Spinach Orzo,1,12,12493,Lula,Stoneman,Lula Stoneman,"Stoneman, Lula",2 Gateway Center,Kirkland,WA,98034,2,9,47.7158,-122.2158,43119,9.6658,4461,America/Los_Angeles
2,Seattle,002-000203726,2020-08-08 00:00:00,6,Saturday ,August   ,4,4,Eggplant Lasagna,2,24,12493,Lula,Stoneman,Lula Stoneman,"Stoneman, Lula",2 Gateway Center,Kirkland,WA,98034,2,9,47.7158,-122.2158,43119,9.6658,4461,America/Los_Angeles
2,Seattle,002-000203726,2020-08-08 00:00:00,6,Saturday ,August   ,5,6,Curry Chicken,3,36,12493,Lula,Stoneman,Lula Stoneman,"Stoneman, Lula",2 Gateway Center,Kirkland,WA,98034,2,9,47.7158,-122.2158,43119,9.6658,4461,America/Los_Angeles
2,Seattle,002-000203726,2020-08-08 00:00:00,6,Saturday ,August   ,6,7,Tilapia Piccata,1,12,12493,Lula,Stoneman,Lula Stoneman,"Stoneman, Lula",2 Gateway Center,Kirkland,WA,98034,2,9,47.7158,-122.2158,43119,9.6658,4461,America/Los_Angeles
2,Seattle,002-000217889,2020-08-23 00:00:00,0,Sunday   ,August   ,1,1,Pistachio Salmon,2,24,10295,Debby,Leber,Debby Leber,"Leber, Debby",1660 Bluejay Circle,Mercer Island,WA,98040,2,5,47.5661,-122.232,25492,7.1681,3556.31,America/Los_Angeles
2,Seattle,002-000218323,2020-08-23 00:00:00,0,Sunday   ,August   ,1,1,Pistachio Salmon,2,24,9528,Markos,Toderi,Markos Toderi,"Toderi, Markos",6434 Mallard Way,Seattle,WA,98119,2,3,47.64,-122.3701,25710,2.9786,8631.66,America/Los_Angeles
2,Seattle,002-000218323,2020-08-23 00:00:00,0,Sunday   ,August   ,2,6,Curry Chicken,1,12,9528,Markos,Toderi,Markos Toderi,"Toderi, Markos",6434 Mallard Way,Seattle,WA,98119,2,3,47.64,-122.3701,25710,2.9786,8631.66,America/Los_Angeles
2,Seattle,002-000218323,2020-08-23 00:00:00,0,Sunday   ,August   ,3,8,Brocolli Stir Fry,1,12,9528,Markos,Toderi,Markos Toderi,"Toderi, Markos",6434 Mallard Way,Seattle,WA,98119,2,3,47.64,-122.3701,25710,2.9786,8631.66,America/Los_Angeles
3,Dallas,003-000099402,2020-05-01 00:00:00,5,Friday   ,May      ,1,1,Pistachio Salmon,2,24,17003,Pryce,Slafford,Pryce Slafford,"Slafford, Pryce",172 Bunker Hill Drive,Dallas,TX,75210,3,4,32.7714,-96.746,8578,2.5972,3302.75,America/Chicago
3,Dallas,003-000099402,2020-05-01 00:00:00,5,Friday   ,May      ,2,6,Curry Chicken,1,12,17003,Pryce,Slafford,Pryce Slafford,"Slafford, Pryce",172 Bunker Hill Drive,Dallas,TX,75210,3,4,32.7714,-96.746,8578,2.5972,3302.75,America/Chicago
3,Dallas,003-000131547,2020-06-10 00:00:00,3,Wednesday,June     ,1,1,Pistachio Salmon,1,12,19494,Brianne,Dundendale,Brianne Dundendale,"Dundendale, Brianne",7 Mcbride Center,Dallas,TX,75240,3,9,32.9318,-96.7885,28537,4.4303,6441.3,America/Chicago
3,Dallas,003-000131547,2020-06-10 00:00:00,3,Wednesday,June     ,2,4,Eggplant Lasagna,3,36,19494,Brianne,Dundendale,Brianne Dundendale,"Dundendale, Brianne",7 Mcbride Center,Dallas,TX,75240,3,9,32.9318,-96.7885,28537,4.4303,6441.3,America/Chicago
3,Dallas,003-000131547,2020-06-10 00:00:00,3,Wednesday,June     ,3,6,Curry Chicken,1,12,19494,Brianne,Dundendale,Brianne Dundendale,"Dundendale, Brianne",7 Mcbride Center,Dallas,TX,75240,3,9,32.9318,-96.7885,28537,4.4303,6441.3,America/Chicago
3,Dallas,003-000131547,2020-06-10 00:00:00,3,Wednesday,June     ,4,7,Tilapia Piccata,2,24,19494,Brianne,Dundendale,Brianne Dundendale,"Dundendale, Brianne",7 Mcbride Center,Dallas,TX,75240,3,9,32.9318,-96.7885,28537,4.4303,6441.3,America/Chicago
3,Dallas,003-000131827,2020-06-11 00:00:00,4,Thursday ,June     ,1,1,Pistachio Salmon,3,36,15481,Raquel,Ansill,Raquel Ansill,"Ansill, Raquel",57 Fordem Circle,Dallas,TX,75201,3,1,32.7878,-96.7995,15891,2.4451,6499.06,America/Chicago
3,Dallas,003-000131827,2020-06-11 00:00:00,4,Thursday ,June     ,2,2,Teriyaki Chicken,1,12,15481,Raquel,Ansill,Raquel Ansill,"Ansill, Raquel",57 Fordem Circle,Dallas,TX,75201,3,1,32.7878,-96.7995,15891,2.4451,6499.06,America/Chicago
3,Dallas,003-000131827,2020-06-11 00:00:00,4,Thursday ,June     ,3,6,Curry Chicken,2,24,15481,Raquel,Ansill,Raquel Ansill,"Ansill, Raquel",57 Fordem Circle,Dallas,TX,75201,3,1,32.7878,-96.7995,15891,2.4451,6499.06,America/Chicago
3,Dallas,003-000131827,2020-06-11 00:00:00,4,Thursday ,June     ,4,7,Tilapia Piccata,3,36,15481,Raquel,Ansill,Raquel Ansill,"Ansill, Raquel",57 Fordem Circle,Dallas,TX,75201,3,1,32.7878,-96.7995,15891,2.4451,6499.06,America/Chicago
3,Dallas,003-000134868,2020-06-14 00:00:00,0,Sunday   ,June     ,1,2,Teriyaki Chicken,1,12,16476,Yancey,Lamyman,Yancey Lamyman,"Lamyman, Yancey",3078 Emmet Junction,Dallas,TX,75206,3,3,32.8316,-96.7703,38375,4.5018,8524.43,America/Chicago
3,Dallas,003-000134868,2020-06-14 00:00:00,0,Sunday   ,June     ,2,3,Spinach Orzo,1,12,16476,Yancey,Lamyman,Yancey Lamyman,"Lamyman, Yancey",3078 Emmet Junction,Dallas,TX,75206,3,3,32.8316,-96.7703,38375,4.5018,8524.43,America/Chicago
3,Dallas,003-000134868,2020-06-14 00:00:00,0,Sunday   ,June     ,3,4,Eggplant Lasagna,2,24,16476,Yancey,Lamyman,Yancey Lamyman,"Lamyman, Yancey",3078 Emmet Junction,Dallas,TX,75206,3,3,32.8316,-96.7703,38375,4.5018,8524.43,America/Chicago
3,Dallas,003-000154102,2020-07-10 00:00:00,5,Friday   ,July     ,1,2,Teriyaki Chicken,1,12,17711,Sheffield,Dunkerton,Sheffield Dunkerton,"Dunkerton, Sheffield",11 Quincy Parkway,Dallas,TX,75225,3,5,32.8652,-96.791,21296,4.8118,4425.77,America/Chicago
3,Dallas,003-000154102,2020-07-10 00:00:00,5,Friday   ,July     ,2,7,Tilapia Piccata,1,12,17711,Sheffield,Dunkerton,Sheffield Dunkerton,"Dunkerton, Sheffield",11 Quincy Parkway,Dallas,TX,75225,3,5,32.8652,-96.791,21296,4.8118,4425.77,America/Chicago
3,Dallas,003-000164376,2020-07-22 00:00:00,3,Wednesday,July     ,1,2,Teriyaki Chicken,3,36,15799,Zackariah,McCreath,Zackariah McCreath,"McCreath, Zackariah",64828 Farwell Terrace,Dallas,TX,75219,3,1,32.8118,-96.8129,23419,2.32,10094.48,America/Chicago
3,Dallas,003-000164376,2020-07-22 00:00:00,3,Wednesday,July     ,2,4,Eggplant Lasagna,2,24,15799,Zackariah,McCreath,Zackariah McCreath,"McCreath, Zackariah",64828 Farwell Terrace,Dallas,TX,75219,3,1,32.8118,-96.8129,23419,2.32,10094.48,America/Chicago
3,Dallas,003-000164376,2020-07-22 00:00:00,3,Wednesday,July     ,3,6,Curry Chicken,2,24,15799,Zackariah,McCreath,Zackariah McCreath,"McCreath, Zackariah",64828 Farwell Terrace,Dallas,TX,75219,3,1,32.8118,-96.8129,23419,2.32,10094.48,America/Chicago
3,Dallas,003-000164376,2020-07-22 00:00:00,3,Wednesday,July     ,4,7,Tilapia Piccata,1,12,15799,Zackariah,McCreath,Zackariah McCreath,"McCreath, Zackariah",64828 Farwell Terrace,Dallas,TX,75219,3,1,32.8118,-96.8129,23419,2.32,10094.48,America/Chicago
3,Dallas,003-000164376,2020-07-22 00:00:00,3,Wednesday,July     ,5,8,Brocolli Stir Fry,1,12,15799,Zackariah,McCreath,Zackariah McCreath,"McCreath, Zackariah",64828 Farwell Terrace,Dallas,TX,75219,3,1,32.8118,-96.8129,23419,2.32,10094.48,America/Chicago
3,Dallas,003-000177427,2020-08-06 00:00:00,4,Thursday ,August   ,1,4,Eggplant Lasagna,1,12,16932,Betta,Swatland,Betta Swatland,"Swatland, Betta",7060 Merchant Pass,Dallas,TX,75210,3,4,32.7714,-96.746,8578,2.5972,3302.75,America/Chicago
3,Dallas,003-000177427,2020-08-06 00:00:00,4,Thursday ,August   ,2,6,Curry Chicken,1,12,16932,Betta,Swatland,Betta Swatland,"Swatland, Betta",7060 Merchant Pass,Dallas,TX,75210,3,4,32.7714,-96.746,8578,2.5972,3302.75,America/Chicago
3,Dallas,003-000183488,2020-08-13 00:00:00,4,Thursday ,August   ,1,5,Chicken Salad,1,12,15710,Ted,Campany,Ted Campany,"Campany, Ted",91111 West Road,Dallas,TX,75219,3,1,32.8118,-96.8129,23419,2.32,10094.48,America/Chicago
3,Dallas,003-000186881,2020-08-16 00:00:00,0,Sunday   ,August   ,1,1,Pistachio Salmon,4,48,19226,Christin,Penny,Christin Penny,"Penny, Christin",3452 Muir Hill,Dallas,TX,75238,3,8,32.8785,-96.7078,33220,7.1671,4635.04,America/Chicago
3,Dallas,003-000186881,2020-08-16 00:00:00,0,Sunday   ,August   ,2,2,Teriyaki Chicken,3,36,19226,Christin,Penny,Christin Penny,"Penny, Christin",3452 Muir Hill,Dallas,TX,75238,3,8,32.8785,-96.7078,33220,7.1671,4635.04,America/Chicago
3,Dallas,003-000186881,2020-08-16 00:00:00,0,Sunday   ,August   ,3,4,Eggplant Lasagna,1,12,19226,Christin,Penny,Christin Penny,"Penny, Christin",3452 Muir Hill,Dallas,TX,75238,3,8,32.8785,-96.7078,33220,7.1671,4635.04,America/Chicago
3,Dallas,003-000186881,2020-08-16 00:00:00,0,Sunday   ,August   ,4,6,Curry Chicken,1,12,19226,Christin,Penny,Christin Penny,"Penny, Christin",3452 Muir Hill,Dallas,TX,75238,3,8,32.8785,-96.7078,33220,7.1671,4635.04,America/Chicago
3,Dallas,003-000186881,2020-08-16 00:00:00,0,Sunday   ,August   ,5,8,Brocolli Stir Fry,3,36,19226,Christin,Penny,Christin Penny,"Penny, Christin",3452 Muir Hill,Dallas,TX,75238,3,8,32.8785,-96.7078,33220,7.1671,4635.04,America/Chicago
3,Dallas,003-000209184,2020-09-13 00:00:00,0,Sunday   ,September,1,1,Pistachio Salmon,1,12,19954,Merell,Cruikshanks,Merell Cruikshanks,"Cruikshanks, Merell",5 Armistice Road,Mesquite,TX,75150,3,10,32.8158,-96.6304,62452,13.574,4600.86,America/Chicago
3,Dallas,003-000209184,2020-09-13 00:00:00,0,Sunday   ,September,2,6,Curry Chicken,1,12,19954,Merell,Cruikshanks,Merell Cruikshanks,"Cruikshanks, Merell",5 Armistice Road,Mesquite,TX,75150,3,10,32.8158,-96.6304,62452,13.574,4600.86,America/Chicago
3,Dallas,003-000209184,2020-09-13 00:00:00,0,Sunday   ,September,3,8,Brocolli Stir Fry,1,12,19954,Merell,Cruikshanks,Merell Cruikshanks,"Cruikshanks, Merell",5 Armistice Road,Mesquite,TX,75150,3,10,32.8158,-96.6304,62452,13.574,4600.86,America/Chicago
4,Miami,004-000089887,2020-04-30 00:00:00,4,Thursday ,April    ,1,1,Pistachio Salmon,1,12,23902,Joice,Chidgey,Joice Chidgey,"Chidgey, Joice",7996 Loeprich Alley,Miami,FL,33138,4,6,25.854,-80.1784,29867,4.5688,6537.13,America/New_York
4,Miami,004-000089887,2020-04-30 00:00:00,4,Thursday ,April    ,2,2,Teriyaki Chicken,1,12,23902,Joice,Chidgey,Joice Chidgey,"Chidgey, Joice",7996 Loeprich Alley,Miami,FL,33138,4,6,25.854,-80.1784,29867,4.5688,6537.13,America/New_York
4,Miami,004-000089887,2020-04-30 00:00:00,4,Thursday ,April    ,3,3,Spinach Orzo,1,12,23902,Joice,Chidgey,Joice Chidgey,"Chidgey, Joice",7996 Loeprich Alley,Miami,FL,33138,4,6,25.854,-80.1784,29867,4.5688,6537.13,America/New_York
4,Miami,004-000089887,2020-04-30 00:00:00,4,Thursday ,April    ,4,8,Brocolli Stir Fry,1,12,23902,Joice,Chidgey,Joice Chidgey,"Chidgey, Joice",7996 Loeprich Alley,Miami,FL,33138,4,6,25.854,-80.1784,29867,4.5688,6537.13,America/New_York
4,Miami,004-000111979,2020-05-31 00:00:00,0,Sunday   ,May      ,1,1,Pistachio Salmon,2,24,25267,Tobin,Pude,Tobin Pude,"Pude, Tobin",70078 Porter Court,Miami,FL,33166,4,9,25.8287,-80.3166,24830,10.1299,2451.17,America/New_York
4,Miami,004-000111979,2020-05-31 00:00:00,0,Sunday   ,May      ,2,2,Teriyaki Chicken,2,24,25267,Tobin,Pude,Tobin Pude,"Pude, Tobin",70078 Porter Court,Miami,FL,33166,4,9,25.8287,-80.3166,24830,10.1299,2451.17,America/New_York
4,Miami,004-000111979,2020-05-31 00:00:00,0,Sunday   ,May      ,3,4,Eggplant Lasagna,1,12,25267,Tobin,Pude,Tobin Pude,"Pude, Tobin",70078 Porter Court,Miami,FL,33166,4,9,25.8287,-80.3166,24830,10.1299,2451.17,America/New_York
4,Miami,004-000111979,2020-05-31 00:00:00,0,Sunday   ,May      ,4,6,Curry Chicken,2,24,25267,Tobin,Pude,Tobin Pude,"Pude, Tobin",70078 Porter Court,Miami,FL,33166,4,9,25.8287,-80.3166,24830,10.1299,2451.17,America/New_York
4,Miami,004-000111979,2020-05-31 00:00:00,0,Sunday   ,May      ,5,8,Brocolli Stir Fry,2,24,25267,Tobin,Pude,Tobin Pude,"Pude, Tobin",70078 Porter Court,Miami,FL,33166,4,9,25.8287,-80.3166,24830,10.1299,2451.17,America/New_York
4,Miami,004-000115633,2020-06-05 00:00:00,5,Friday   ,June     ,1,1,Pistachio Salmon,1,12,25339,Lucilia,Logg,Lucilia Logg,"Logg, Lucilia",62940 Towne Terrace,Miami,FL,33166,4,9,25.8287,-80.3166,24830,10.1299,2451.17,America/New_York
4,Miami,004-000115633,2020-06-05 00:00:00,5,Friday   ,June     ,2,2,Teriyaki Chicken,2,24,25339,Lucilia,Logg,Lucilia Logg,"Logg, Lucilia",62940 Towne Terrace,Miami,FL,33166,4,9,25.8287,-80.3166,24830,10.1299,2451.17,America/New_York
4,Miami,004-000115633,2020-06-05 00:00:00,5,Friday   ,June     ,3,3,Spinach Orzo,1,12,25339,Lucilia,Logg,Lucilia Logg,"Logg, Lucilia",62940 Towne Terrace,Miami,FL,33166,4,9,25.8287,-80.3166,24830,10.1299,2451.17,America/New_York
4,Miami,004-000115633,2020-06-05 00:00:00,5,Friday   ,June     ,4,4,Eggplant Lasagna,4,48,25339,Lucilia,Logg,Lucilia Logg,"Logg, Lucilia",62940 Towne Terrace,Miami,FL,33166,4,9,25.8287,-80.3166,24830,10.1299,2451.17,America/New_York
4,Miami,004-000115633,2020-06-05 00:00:00,5,Friday   ,June     ,5,6,Curry Chicken,2,24,25339,Lucilia,Logg,Lucilia Logg,"Logg, Lucilia",62940 Towne Terrace,Miami,FL,33166,4,9,25.8287,-80.3166,24830,10.1299,2451.17,America/New_York
4,Miami,004-000137286,2020-07-05 00:00:00,0,Sunday   ,July     ,1,4,Eggplant Lasagna,1,12,23017,Darb,Goucher,Darb Goucher,"Goucher, Darb",654 Glendale Parkway,Miami,FL,33133,4,4,25.7298,-80.2432,34460,4.5117,7637.88,America/New_York
4,Miami,004-000137286,2020-07-05 00:00:00,0,Sunday   ,July     ,2,5,Chicken Salad,1,12,23017,Darb,Goucher,Darb Goucher,"Goucher, Darb",654 Glendale Parkway,Miami,FL,33133,4,4,25.7298,-80.2432,34460,4.5117,7637.88,America/New_York
4,Miami,004-000138546,2020-07-08 00:00:00,3,Wednesday,July     ,1,1,Pistachio Salmon,2,24,23347,Royce,Fielders,Royce Fielders,"Fielders, Royce",8 Hermina Parkway,Key Biscayne,FL,33149,4,4,25.7248,-80.1612,13054,4.9613,2631.17,America/New_York
4,Miami,004-000138546,2020-07-08 00:00:00,3,Wednesday,July     ,2,4,Eggplant Lasagna,2,24,23347,Royce,Fielders,Royce Fielders,"Fielders, Royce",8 Hermina Parkway,Key Biscayne,FL,33149,4,4,25.7248,-80.1612,13054,4.9613,2631.17,America/New_York
4,Miami,004-000138546,2020-07-08 00:00:00,3,Wednesday,July     ,3,5,Chicken Salad,1,12,23347,Royce,Fielders,Royce Fielders,"Fielders, Royce",8 Hermina Parkway,Key Biscayne,FL,33149,4,4,25.7248,-80.1612,13054,4.9613,2631.17,America/New_York
4,Miami,004-000138546,2020-07-08 00:00:00,3,Wednesday,July     ,4,7,Tilapia Piccata,1,12,23347,Royce,Fielders,Royce Fielders,"Fielders, Royce",8 Hermina Parkway,Key Biscayne,FL,33149,4,4,25.7248,-80.1612,13054,4.9613,2631.17,America/New_York
4,Miami,004-000138546,2020-07-08 00:00:00,3,Wednesday,July     ,5,8,Brocolli Stir Fry,2,24,23347,Royce,Fielders,Royce Fielders,"Fielders, Royce",8 Hermina Parkway,Key Biscayne,FL,33149,4,4,25.7248,-80.1612,13054,4.9613,2631.17,America/New_York
4,Miami,004-000143587,2020-07-14 00:00:00,2,Tuesday  ,July     ,1,4,Eggplant Lasagna,2,24,22673,Sue,Delepine,Sue Delepine,"Delepine, Sue",117 Hauk Trail,Miami,FL,33137,4,3,25.8153,-80.178,23965,2.498,9593.84,America/New_York
4,Miami,004-000143587,2020-07-14 00:00:00,2,Tuesday  ,July     ,2,6,Curry Chicken,1,12,22673,Sue,Delepine,Sue Delepine,"Delepine, Sue",117 Hauk Trail,Miami,FL,33137,4,3,25.8153,-80.178,23965,2.498,9593.84,America/New_York
4,Miami,004-000143587,2020-07-14 00:00:00,2,Tuesday  ,July     ,3,7,Tilapia Piccata,1,12,22673,Sue,Delepine,Sue Delepine,"Delepine, Sue",117 Hauk Trail,Miami,FL,33137,4,3,25.8153,-80.178,23965,2.498,9593.84,America/New_York
4,Miami,004-000143587,2020-07-14 00:00:00,2,Tuesday  ,July     ,4,8,Brocolli Stir Fry,1,12,22673,Sue,Delepine,Sue Delepine,"Delepine, Sue",117 Hauk Trail,Miami,FL,33137,4,3,25.8153,-80.178,23965,2.498,9593.84,America/New_York
4,Miami,004-000177033,2020-08-25 00:00:00,2,Tuesday  ,August   ,1,3,Spinach Orzo,1,12,24014,Michale,Caudle,Michale Caudle,"Caudle, Michale",322 Washington Parkway,Miami Beach,FL,33141,4,6,25.8511,-80.1414,40005,2.6363,15174.75,America/New_York
4,Miami,004-000177033,2020-08-25 00:00:00,2,Tuesday  ,August   ,2,6,Curry Chicken,2,24,24014,Michale,Caudle,Michale Caudle,"Caudle, Michale",322 Washington Parkway,Miami Beach,FL,33141,4,6,25.8511,-80.1414,40005,2.6363,15174.75,America/New_York
4,Miami,004-000177033,2020-08-25 00:00:00,2,Tuesday  ,August   ,3,7,Tilapia Piccata,1,12,24014,Michale,Caudle,Michale Caudle,"Caudle, Michale",322 Washington Parkway,Miami Beach,FL,33141,4,6,25.8511,-80.1414,40005,2.6363,15174.75,America/New_York
4,Miami,004-000177233,2020-08-26 00:00:00,3,Wednesday,August   ,1,1,Pistachio Salmon,1,12,23319,Brnaba,Challicombe,Brnaba Challicombe,"Challicombe, Brnaba",22008 Jay Circle,Miami,FL,33142,4,4,25.8119,-80.2386,58574,7.8803,7433.01,America/New_York
4,Miami,004-000177233,2020-08-26 00:00:00,3,Wednesday,August   ,2,2,Teriyaki Chicken,2,24,23319,Brnaba,Challicombe,Brnaba Challicombe,"Challicombe, Brnaba",22008 Jay Circle,Miami,FL,33142,4,4,25.8119,-80.2386,58574,7.8803,7433.01,America/New_York
4,Miami,004-000177233,2020-08-26 00:00:00,3,Wednesday,August   ,3,3,Spinach Orzo,1,12,23319,Brnaba,Challicombe,Brnaba Challicombe,"Challicombe, Brnaba",22008 Jay Circle,Miami,FL,33142,4,4,25.8119,-80.2386,58574,7.8803,7433.01,America/New_York
4,Miami,004-000177233,2020-08-26 00:00:00,3,Wednesday,August   ,4,8,Brocolli Stir Fry,1,12,23319,Brnaba,Challicombe,Brnaba Challicombe,"Challicombe, Brnaba",22008 Jay Circle,Miami,FL,33142,4,4,25.8119,-80.2386,58574,7.8803,7433.01,America/New_York
4,Miami,004-000183530,2020-09-02 00:00:00,3,Wednesday,September,1,1,Pistachio Salmon,1,12,26882,Billy,Cattini,Billy Cattini,"Cattini, Billy",6858 Burning Wood Avenue,Miami,FL,33175,4,14,25.734,-80.4068,55334,7.9957,6920.45,America/New_York
4,Miami,004-000183530,2020-09-02 00:00:00,3,Wednesday,September,2,2,Teriyaki Chicken,1,12,26882,Billy,Cattini,Billy Cattini,"Cattini, Billy",6858 Burning Wood Avenue,Miami,FL,33175,4,14,25.734,-80.4068,55334,7.9957,6920.45,America/New_York
4,Miami,004-000183530,2020-09-02 00:00:00,3,Wednesday,September,3,3,Spinach Orzo,1,12,26882,Billy,Cattini,Billy Cattini,"Cattini, Billy",6858 Burning Wood Avenue,Miami,FL,33175,4,14,25.734,-80.4068,55334,7.9957,6920.45,America/New_York
4,Miami,004-000183530,2020-09-02 00:00:00,3,Wednesday,September,4,4,Eggplant Lasagna,2,24,26882,Billy,Cattini,Billy Cattini,"Cattini, Billy",6858 Burning Wood Avenue,Miami,FL,33175,4,14,25.734,-80.4068,55334,7.9957,6920.45,America/New_York
4,Miami,004-000183530,2020-09-02 00:00:00,3,Wednesday,September,5,6,Curry Chicken,3,36,26882,Billy,Cattini,Billy Cattini,"Cattini, Billy",6858 Burning Wood Avenue,Miami,FL,33175,4,14,25.734,-80.4068,55334,7.9957,6920.45,America/New_York
4,Miami,004-000183530,2020-09-02 00:00:00,3,Wednesday,September,6,7,Tilapia Piccata,3,36,26882,Billy,Cattini,Billy Cattini,"Cattini, Billy",6858 Burning Wood Avenue,Miami,FL,33175,4,14,25.734,-80.4068,55334,7.9957,6920.45,America/New_York
4,Miami,004-000183530,2020-09-02 00:00:00,3,Wednesday,September,7,8,Brocolli Stir Fry,1,12,26882,Billy,Cattini,Billy Cattini,"Cattini, Billy",6858 Burning Wood Avenue,Miami,FL,33175,4,14,25.734,-80.4068,55334,7.9957,6920.45,America/New_York
4,Miami,004-000192337,2020-09-16 00:00:00,3,Wednesday,September,1,1,Pistachio Salmon,4,48,27380,Juliette,Simoncello,Juliette Simoncello,"Simoncello, Juliette",485 Hazelcrest Alley,Fort Lauderdale,FL,33312,4,22,26.0883,-80.1816,53552,12.0563,4441.83,America/New_York
4,Miami,004-000192337,2020-09-16 00:00:00,3,Wednesday,September,2,2,Teriyaki Chicken,1,12,27380,Juliette,Simoncello,Juliette Simoncello,"Simoncello, Juliette",485 Hazelcrest Alley,Fort Lauderdale,FL,33312,4,22,26.0883,-80.1816,53552,12.0563,4441.83,America/New_York
4,Miami,004-000192337,2020-09-16 00:00:00,3,Wednesday,September,3,4,Eggplant Lasagna,1,12,27380,Juliette,Simoncello,Juliette Simoncello,"Simoncello, Juliette",485 Hazelcrest Alley,Fort Lauderdale,FL,33312,4,22,26.0883,-80.1816,53552,12.0563,4441.83,America/New_York
4,Miami,004-000192337,2020-09-16 00:00:00,3,Wednesday,September,4,5,Chicken Salad,1,12,27380,Juliette,Simoncello,Juliette Simoncello,"Simoncello, Juliette",485 Hazelcrest Alley,Fort Lauderdale,FL,33312,4,22,26.0883,-80.1816,53552,12.0563,4441.83,America/New_York
4,Miami,004-000192337,2020-09-16 00:00:00,3,Wednesday,September,5,6,Curry Chicken,1,12,27380,Juliette,Simoncello,Juliette Simoncello,"Simoncello, Juliette",485 Hazelcrest Alley,Fort Lauderdale,FL,33312,4,22,26.0883,-80.1816,53552,12.0563,4441.83,America/New_York
5,Nashville,005-000088989,2020-05-25 00:00:00,1,Monday   ,May      ,1,1,Pistachio Salmon,1,12,27926,Kerrin,Bridel,Kerrin Bridel,"Bridel, Kerrin",4582 Roth Street,Nashville,TN,37212,5,2,36.1339,-86.8011,21031,2.8952,7264.14,America/Chicago
5,Nashville,005-000088989,2020-05-25 00:00:00,1,Monday   ,May      ,2,4,Eggplant Lasagna,1,12,27926,Kerrin,Bridel,Kerrin Bridel,"Bridel, Kerrin",4582 Roth Street,Nashville,TN,37212,5,2,36.1339,-86.8011,21031,2.8952,7264.14,America/Chicago
5,Nashville,005-000104373,2020-06-18 00:00:00,4,Thursday ,June     ,1,6,Curry Chicken,3,36,29285,Ezmeralda,McCreadie,Ezmeralda McCreadie,"McCreadie, Ezmeralda",30 Gulseth Terrace,Nashville,TN,37215,5,6,36.0819,-86.8347,22414,16.5186,1356.9,America/Chicago
5,Nashville,005-000104373,2020-06-18 00:00:00,4,Thursday ,June     ,2,7,Tilapia Piccata,1,12,29285,Ezmeralda,McCreadie,Ezmeralda McCreadie,"McCreadie, Ezmeralda",30 Gulseth Terrace,Nashville,TN,37215,5,6,36.0819,-86.8347,22414,16.5186,1356.9,America/Chicago
5,Nashville,005-000105691,2020-06-20 00:00:00,6,Saturday ,June     ,1,1,Pistachio Salmon,1,12,29783,Nobie,Nuemann,Nobie Nuemann,"Nuemann, Nobie",955 Beilfuss Place,Madison,TN,37115,5,8,36.2545,-86.6961,40484,23.0954,1752.9,America/Chicago
5,Nashville,005-000105691,2020-06-20 00:00:00,6,Saturday ,June     ,2,2,Teriyaki Chicken,1,12,29783,Nobie,Nuemann,Nobie Nuemann,"Nuemann, Nobie",955 Beilfuss Place,Madison,TN,37115,5,8,36.2545,-86.6961,40484,23.0954,1752.9,America/Chicago
5,Nashville,005-000107715,2020-06-24 00:00:00,3,Wednesday,June     ,1,1,Pistachio Salmon,1,12,29922,Garwin,Aleksankin,Garwin Aleksankin,"Aleksankin, Garwin",7 Delaware Place,Madison,TN,37115,5,8,36.2545,-86.6961,40484,23.0954,1752.9,America/Chicago
5,Nashville,005-000107715,2020-06-24 00:00:00,3,Wednesday,June     ,2,2,Teriyaki Chicken,1,12,29922,Garwin,Aleksankin,Garwin Aleksankin,"Aleksankin, Garwin",7 Delaware Place,Madison,TN,37115,5,8,36.2545,-86.6961,40484,23.0954,1752.9,America/Chicago
5,Nashville,005-000107715,2020-06-24 00:00:00,3,Wednesday,June     ,3,4,Eggplant Lasagna,1,12,29922,Garwin,Aleksankin,Garwin Aleksankin,"Aleksankin, Garwin",7 Delaware Place,Madison,TN,37115,5,8,36.2545,-86.6961,40484,23.0954,1752.9,America/Chicago
5,Nashville,005-000109305,2020-06-27 00:00:00,6,Saturday ,June     ,1,2,Teriyaki Chicken,2,24,28267,Frederica,Cabrer,Frederica Cabrer,"Cabrer, Frederica",99 Rutledge Trail,Nashville,TN,37204,5,4,36.1067,-86.7742,14768,9.0824,1626,America/Chicago
5,Nashville,005-000109305,2020-06-27 00:00:00,6,Saturday ,June     ,2,4,Eggplant Lasagna,2,24,28267,Frederica,Cabrer,Frederica Cabrer,"Cabrer, Frederica",99 Rutledge Trail,Nashville,TN,37204,5,4,36.1067,-86.7742,14768,9.0824,1626,America/Chicago
5,Nashville,005-000109305,2020-06-27 00:00:00,6,Saturday ,June     ,3,6,Curry Chicken,2,24,28267,Frederica,Cabrer,Frederica Cabrer,"Cabrer, Frederica",99 Rutledge Trail,Nashville,TN,37204,5,4,36.1067,-86.7742,14768,9.0824,1626,America/Chicago
5,Nashville,005-000109305,2020-06-27 00:00:00,6,Saturday ,June     ,4,7,Tilapia Piccata,2,24,28267,Frederica,Cabrer,Frederica Cabrer,"Cabrer, Frederica",99 Rutledge Trail,Nashville,TN,37204,5,4,36.1067,-86.7742,14768,9.0824,1626,America/Chicago
5,Nashville,005-000109305,2020-06-27 00:00:00,6,Saturday ,June     ,5,8,Brocolli Stir Fry,2,24,28267,Frederica,Cabrer,Frederica Cabrer,"Cabrer, Frederica",99 Rutledge Trail,Nashville,TN,37204,5,4,36.1067,-86.7742,14768,9.0824,1626,America/Chicago
5,Nashville,005-000126722,2020-07-26 00:00:00,0,Sunday   ,July     ,1,4,Eggplant Lasagna,1,12,28750,Jareb,Girt,Jareb Girt,"Girt, Jareb",316 Saint Paul Point,Nashville,TN,37207,5,5,36.2328,-86.7766,38583,21.0142,1836.04,America/Chicago
5,Nashville,005-000126722,2020-07-26 00:00:00,0,Sunday   ,July     ,2,6,Curry Chicken,2,24,28750,Jareb,Girt,Jareb Girt,"Girt, Jareb",316 Saint Paul Point,Nashville,TN,37207,5,5,36.2328,-86.7766,38583,21.0142,1836.04,America/Chicago
5,Nashville,005-000136553,2020-08-09 00:00:00,0,Sunday   ,August   ,1,1,Pistachio Salmon,1,12,30184,Mindy,Bockh,Mindy Bockh,"Bockh, Mindy",50432 Sachs Road,Brentwood,TN,37027,5,11,35.9994,-86.784,55130,61.7696,892.51,America/Chicago
5,Nashville,005-000136553,2020-08-09 00:00:00,0,Sunday   ,August   ,2,4,Eggplant Lasagna,1,12,30184,Mindy,Bockh,Mindy Bockh,"Bockh, Mindy",50432 Sachs Road,Brentwood,TN,37027,5,11,35.9994,-86.784,55130,61.7696,892.51,America/Chicago
5,Nashville,005-000136553,2020-08-09 00:00:00,0,Sunday   ,August   ,3,6,Curry Chicken,1,12,30184,Mindy,Bockh,Mindy Bockh,"Bockh, Mindy",50432 Sachs Road,Brentwood,TN,37027,5,11,35.9994,-86.784,55130,61.7696,892.51,America/Chicago
5,Nashville,005-000136735,2020-08-10 00:00:00,1,Monday   ,August   ,1,2,Teriyaki Chicken,3,36,27728,Gus,Haliburton,Gus Haliburton,"Haliburton, Gus",11 Sommers Crossing,Nashville,TN,37208,5,2,36.1777,-86.8079,17582,5.0517,3480.43,America/Chicago
5,Nashville,005-000136735,2020-08-10 00:00:00,1,Monday   ,August   ,2,3,Spinach Orzo,2,24,27728,Gus,Haliburton,Gus Haliburton,"Haliburton, Gus",11 Sommers Crossing,Nashville,TN,37208,5,2,36.1777,-86.8079,17582,5.0517,3480.43,America/Chicago
5,Nashville,005-000136735,2020-08-10 00:00:00,1,Monday   ,August   ,3,4,Eggplant Lasagna,1,12,27728,Gus,Haliburton,Gus Haliburton,"Haliburton, Gus",11 Sommers Crossing,Nashville,TN,37208,5,2,36.1777,-86.8079,17582,5.0517,3480.43,America/Chicago
5,Nashville,005-000136735,2020-08-10 00:00:00,1,Monday   ,August   ,4,6,Curry Chicken,1,12,27728,Gus,Haliburton,Gus Haliburton,"Haliburton, Gus",11 Sommers Crossing,Nashville,TN,37208,5,2,36.1777,-86.8079,17582,5.0517,3480.43,America/Chicago
5,Nashville,005-000136735,2020-08-10 00:00:00,1,Monday   ,August   ,5,7,Tilapia Piccata,1,12,27728,Gus,Haliburton,Gus Haliburton,"Haliburton, Gus",11 Sommers Crossing,Nashville,TN,37208,5,2,36.1777,-86.8079,17582,5.0517,3480.43,America/Chicago
5,Nashville,005-000147541,2020-08-27 00:00:00,4,Thursday ,August   ,1,1,Pistachio Salmon,2,24,27654,Nestor,Winfred,Nestor Winfred,"Winfred, Nestor",593 American Ash Hill,Nashville,TN,37208,5,2,36.1777,-86.8079,17582,5.0517,3480.43,America/Chicago
5,Nashville,005-000147541,2020-08-27 00:00:00,4,Thursday ,August   ,2,2,Teriyaki Chicken,3,36,27654,Nestor,Winfred,Nestor Winfred,"Winfred, Nestor",593 American Ash Hill,Nashville,TN,37208,5,2,36.1777,-86.8079,17582,5.0517,3480.43,America/Chicago
5,Nashville,005-000147541,2020-08-27 00:00:00,4,Thursday ,August   ,3,3,Spinach Orzo,1,12,27654,Nestor,Winfred,Nestor Winfred,"Winfred, Nestor",593 American Ash Hill,Nashville,TN,37208,5,2,36.1777,-86.8079,17582,5.0517,3480.43,America/Chicago
5,Nashville,005-000147541,2020-08-27 00:00:00,4,Thursday ,August   ,4,4,Eggplant Lasagna,1,12,27654,Nestor,Winfred,Nestor Winfred,"Winfred, Nestor",593 American Ash Hill,Nashville,TN,37208,5,2,36.1777,-86.8079,17582,5.0517,3480.43,America/Chicago
5,Nashville,005-000147541,2020-08-27 00:00:00,4,Thursday ,August   ,5,7,Tilapia Piccata,1,12,27654,Nestor,Winfred,Nestor Winfred,"Winfred, Nestor",593 American Ash Hill,Nashville,TN,37208,5,2,36.1777,-86.8079,17582,5.0517,3480.43,America/Chicago
5,Nashville,005-000157919,2020-09-14 00:00:00,1,Monday   ,September,1,1,Pistachio Salmon,1,12,27997,Meagan,Gussin,Meagan Gussin,"Gussin, Meagan",73526 2nd Terrace,Nashville,TN,37212,5,2,36.1339,-86.8011,21031,2.8952,7264.14,America/Chicago
5,Nashville,005-000157919,2020-09-14 00:00:00,1,Monday   ,September,2,4,Eggplant Lasagna,2,24,27997,Meagan,Gussin,Meagan Gussin,"Gussin, Meagan",73526 2nd Terrace,Nashville,TN,37212,5,2,36.1339,-86.8011,21031,2.8952,7264.14,America/Chicago
5,Nashville,005-000157919,2020-09-14 00:00:00,1,Monday   ,September,3,7,Tilapia Piccata,1,12,27997,Meagan,Gussin,Meagan Gussin,"Gussin, Meagan",73526 2nd Terrace,Nashville,TN,37212,5,2,36.1339,-86.8011,21031,2.8952,7264.14,America/Chicago
